,,,,原系统对应名,整理过后名称,又名
FVREB,F10,N. Delta,F11,Annieville,Annieville,
FVREB,F10,N. Delta,F12,Nordel,Nordel,
FVREB,F10,N. Delta,F13,Scottsdale,Scottsdale,
FVREB,F10,N. Delta,F14,Sunshine Hills Woods,Sunshine Hills Woods,
FVREB,F20,North Surrey,F21,Bridgeview,Bridgeview,
FVREB,F20,North Surrey,F22,Bolivar Heights,Bolivar Heights,
FVREB,F20,North Surrey,F23,Fraser Heights,Fraser Heights,
FVREB,F20,North Surrey,F24,Royal Heights,Royal Heights,
FVREB,F20,North Surrey,F25,Cedar Hills,Cedar Hills,
FVREB,F20,North Surrey,F26,Whalley,Whalley,
FVREB,F20,North Surrey,F27,Guildford,Guildford,
FVREB,F20,North Surrey,F28,Port Kells,Port Kells,
FVREB,F30,Surrey,F31,Queen Mary Park Surrey,Queen Mary Park Surrey,
FVREB,F30,Surrey,F32,Bear Creek Green Timbers,Bear Creek Green Timbers,
FVREB,F30,Surrey,F34,Fleetwood Tynehead,Fleetwood Tynehead,
FVREB,F30,Surrey,F36,West Newton,West Newton,
FVREB,F30,Surrey,F37,East Newton,East Newton,
FVREB,F30,Surrey,F38,Panorama Ridge,Panorama Ridge,
FVREB,F30,Surrey,F39,Sullivan Station,Sullivan Station,
FVREB,F40,Cloverdale,F41,Cloverdale BC,Cloverdale BC,
FVREB,F40,Cloverdale,F42,Serpentine,Serpentine,
FVREB,F40,Cloverdale,F43,Clayton,Clayton,
FVREB,F50,South Surrey White Rock,F51,Elgin Chantrell,Elgin Chantrell,
FVREB,F50,South Surrey White Rock,F52,Sunnyside Park Surrey,Sunnyside Park Surrey,
FVREB,F50,South Surrey White Rock,F53,Crescent Bch Ocean Pk.,Crescent Bch Ocean Pk.,
FVREB,F50,South Surrey White Rock,F54,White Rock,White Rock,
FVREB,F50,South Surrey White Rock,F55,King George Corridor,King George Corridor,
FVREB,F50,South Surrey White Rock,F56,Hazelmere,Hazelmere,
FVREB,F50,South Surrey White Rock,F57,Grandview Surrey,Grandview Surrey,
FVREB,F50,South Surrey White Rock,F58,Morgan Creek,Morgan Creek,
FVREB,F50,South Surrey White Rock,F59,Pacific Douglas,Pacific Douglas,
FVREB,F60,Langley,F60,Murrayville,Murrayville,
FVREB,F60,Langley,F61,Walnut Grove,Walnut Grove,
FVREB,F60,Langley,F62,County Line Glen Valley,County Line Glen Valley,
FVREB,F60,Langley,F63,Willoughby Heights,Willoughby Heights,
FVREB,F60,Langley,F64,Salmon River,Salmon River,
FVREB,F60,Langley,F65,Brookswood Langley,Brookswood Langley,
FVREB,F60,Langley,F66,Aldergrove Langley,Aldergrove Langley,
FVREB,F60,Langley,F67,Campbell Valley,Campbell Valley,
FVREB,F60,Langley,F68,Otter District,Otter District,
FVREB,F60,Langley,F69,Fort Langley,Fort Langley,
FVREB,F60,Langley,F6A,Langley City,Langley City,
FVREB,F70,Abbotsford,F70,Poplar,Poplar,
FVREB,F70,Abbotsford,F71,Bradner,Bradner,
FVREB,F70,Abbotsford,F72,Matsqui,Matsqui,
FVREB,F70,Abbotsford,F73,Sumas Mountain,Sumas Mountain,
FVREB,F70,Abbotsford,F74,Abbotsford West,Abbotsford West,
FVREB,F70,Abbotsford,F75,Abbotsford East,Abbotsford East,
FVREB,F70,Abbotsford,F76,Aberdeen,Aberdeen,
FVREB,F70,Abbotsford,F77,Sumas Prairie,Sumas Prairie,
FVREB,F70,Abbotsford,F78,Central Abbotsford,Central Abbotsford,
FVREB,F80,Mission,F80,Hatzic,Hatzic,
FVREB,F80,Mission,F81,Stave Falls,Stave Falls,
FVREB,F80,Mission,F82,Steelhead,Steelhead,
FVREB,F80,Mission,F83,Mission BC,Mission,
FVREB,F80,Mission,F84,Durieu,Durieu,
FVREB,F80,Mission,F85,Dewdney Deroche,Dewdney Deroche,
FVREB,F80,Mission,F86,Lake Errock,Lake Errock,
FVREB,F80,Mission,F87,Hemlock,Hemlock,
FVREB,F80,Mission,F88,Mission-West,Mission-West,
,,,,,,
,,,,,,
,,,,,,
REBGV,VBD,Bowen Island,VBDBD,Bowen Island,Bowen Island,
REBGV,VBE,Burnaby East,VBEBE,East Burnaby,East Burnaby,
REBGV,VBE,Burnaby East,VBECR,The Crest,The Crest,
REBGV,VBE,Burnaby East,VBEED,Edmonds BE,Edmonds,
REBGV,VBN,Burnaby North,VBNBP,Brentwood Park,Brentwood Park,
REBGV,VBN,Burnaby North,VBNCA,Cariboo,Cariboo,
REBGV,VBN,Burnaby North,VBNCB,Central BN,Central,
REBGV,VBN,Burnaby North,VBNCH,Capitol Hill BN,Capitol Hill,
REBGV,VBN,Burnaby North,VBNFH,Forest Hills BN,Forest Hills,
REBGV,VBN,Burnaby North,VBNGR,Government Road,Government Road,
REBGV,VBN,Burnaby North,VBNLC,Lake City Industrial,Lake City Industrial,
REBGV,VBN,Burnaby North,VBNMO,Montecito,Montecito,
REBGV,VBN,Burnaby North,VBNOK,Oakdale,Oakdale,
REBGV,VBN,Burnaby North,VBNPC,Parkcrest,Parkcrest,
REBGV,VBN,Burnaby North,VBNSD,Sperling-Duthie,Sperling-Duthie,
REBGV,VBN,Burnaby North,VBNSF,Simon Fraser Univer.,Simon Fraser Univer.,SFU
REBGV,VBN,Burnaby North,VBNSH,Sullivan Heights,Sullivan Heights,
REBGV,VBN,Burnaby North,VBNSI,Simon Fraser Hills,Simon Fraser Hills,
REBGV,VBN,Burnaby North,VBNVH,Vancouver Heights,Vancouver Heights,
REBGV,VBN,Burnaby North,VBNWH,Willingdon Heights,Willingdon Heights,
REBGV,VBN,Burnaby North,VBNWR,Westridge BN,Westridge,
REBGV,VBS,Burnaby South,VBSBB,Big Bend,Big Bend,
REBGV,VBS,Burnaby South,VBSBH,Burnaby Hospital,Burnaby Hospital,
REBGV,VBS,Burnaby South,VBSBK,Buckingham Heights,Buckingham Heights,
REBGV,VBS,Burnaby South,VBSBL,Burnaby Lake,Burnaby Lake,
REBGV,VBS,Burnaby South,VBSCP,Central Park BS,Central Park,
REBGV,VBS,Burnaby South,VBSDL,Deer Lake,Deer Lake,
REBGV,VBS,Burnaby South,VBSDP,Deer Lake Place,Deer Lake Place,
REBGV,VBS,Burnaby South,VBSFG,Forest Glen BS,Forest Glen,
REBGV,VBS,Burnaby South,VBSGT,Greentree Village,Greentree Village,
REBGV,VBS,Burnaby South,VBSGV,Garden Village,Garden Village,
REBGV,VBS,Burnaby South,VBSHG,Highgate,Highgate,
REBGV,VBS,Burnaby South,VBSME,Metrotown,Metrotown,
REBGV,VBS,Burnaby South,VBSOL,Oaklands,Oaklands,
REBGV,VBS,Burnaby South,VBSSC,Suncrest,Suncrest,
REBGV,VBS,Burnaby South,VBSSS,South Slope,South Slope,
REBGV,VBS,Burnaby South,VBSUD,Upper Deer Lake,Upper Deer Lake,
REBGV,VCQ,Coquitlam,VCQBM,Burke Mountain,Burke Mountain,
REBGV,VCQ,Coquitlam,VCQCC,Central Coquitlam,Central Coquitlam,
REBGV,VCQ,Coquitlam,VCQCE,Coquitlam East,Coquitlam East,
REBGV,VCQ,Coquitlam,VCQCH,Cape Horn,Cape Horn,
REBGV,VCQ,Coquitlam,VCQCS,Chineside,Chineside,
REBGV,VCQ,Coquitlam,VCQCW,Coquitlam West,Coquitlam West,
REBGV,VCQ,Coquitlam,VCQCY,Canyon Springs,Canyon Springs,
REBGV,VCQ,Coquitlam,VCQER,Eagle Ridge CQ,Eagle Ridge,
REBGV,VCQ,Coquitlam,VCQHC,Harbour Chines,Harbour Chines,
REBGV,VCQ,Coquitlam,VCQHO,Hockaday,Hockaday,
REBGV,VCQ,Coquitlam,VCQHP,Harbour Place,Harbour Place,
REBGV,VCQ,Coquitlam,VCQMB,Meadow Brook,Meadow Brook,
REBGV,VCQ,Coquitlam,VCQML,Maillardville,Maillardville,
REBGV,VCQ,Coquitlam,VCQNC,North Coquitlam,North Coquitlam,
REBGV,VCQ,Coquitlam,VCQNH,New Horizons,New Horizons,
REBGV,VCQ,Coquitlam,VCQPR,Park Ridge Estates,Park Ridge Estates,
REBGV,VCQ,Coquitlam,VCQRP,Ranch Park,Ranch Park,
REBGV,VCQ,Coquitlam,VCQRS,River Springs,River Springs,
REBGV,VCQ,Coquitlam,VCQSC,Scott Creek,Scott Creek,
REBGV,VCQ,Coquitlam,VCQSV,Summitt View,Summitt View,
REBGV,VCQ,Coquitlam,VCQUE,Upper Eagle Ridge,Upper Eagle Ridge,
REBGV,VCQ,Coquitlam,VCQWP,Westwood Plateau,Westwood Plateau,
REBGV,VCQ,Coquitlam,VCQWS,Westwood Summit CQ,Westwood Summit,
REBGV,VIS,Islands-Van. & Gulf,VISGB,Gabriola Island,Gabriola Island,
REBGV,VIS,Islands-Van. & Gulf,VISGL,Galiano Island,Galiano Island,
REBGV,VIS,Islands-Van. & Gulf,VISLA,Lasqueti Island,Lasqueti Island,
REBGV,VIS,Islands-Van. & Gulf,VISMA,Mayne Island,Mayne Island,
REBGV,VIS,Islands-Van. & Gulf,VISOT,Islands Other,Islands Other,
REBGV,VIS,Islands-Van. & Gulf,VISPA,Passage Island,Passage Island,
REBGV,VIS,Islands-Van. & Gulf,VISPE,Pender Island,Pender Island,
REBGV,VIS,Islands-Van. & Gulf,VISSS,Salt Spring Island,Salt Spring Island,
REBGV,VIS,Islands-Van. & Gulf,VISST,Saturna Island,Saturna Island,
REBGV,VIS,Islands-Van. & Gulf,VISSV,Savary Island,Savary Island,
REBGV,VIS,Islands-Van. & Gulf,VISTE,Texada Island,Texada Island,
REBGV,VLD,Ladner,VLDDM,Delta Manor,Delta Manor,
REBGV,VLD,Ladner,VLDEA,East Delta,East Delta,
REBGV,VLD,Ladner,VLDHA,Hawthorne,Hawthorne,
REBGV,VLD,Ladner,VLDHO,Holly,Holly,
REBGV,VLD,Ladner,VLDLA,Ladner Rural,Ladner Rural,
REBGV,VLD,Ladner,VLDLE,Ladner Elementary,Ladner Elementary,
REBGV,VLD,Ladner,VLDNG,Neilsen Grove,Neilsen Grove,
REBGV,VLD,Ladner,VLDPG,Port Guichon,Port Guichon,
REBGV,VLD,Ladner,VLDWI,Westham Island,Westham Island,
REBGV,VMR,Maple Ridge,VMRAL,Albion,Albion,
REBGV,VMR,Maple Ridge,VMRCO,Cottonwood MR,Cottonwood,
REBGV,VMR,Maple Ridge,VMREC,East Central,East Central,
REBGV,VMR,Maple Ridge,VMRNE,Northeast,Northeast,
REBGV,VMR,Maple Ridge,VMRNO,North Maple Ridge,North Maple Ridge,
REBGV,VMR,Maple Ridge,VMRNW,Northwest Maple Ridge,Northwest Maple Ridge,
REBGV,VMR,Maple Ridge,VMRSV,Silver Valley,Silver Valley,
REBGV,VMR,Maple Ridge,VMRSW,Southwest Maple Ridge,Southwest Maple Ridge,
REBGV,VMR,Maple Ridge,VMRTH,Thornhill,Thornhill,
REBGV,VMR,Maple Ridge,VMRWB,Websters Corners,Websters Corners,
REBGV,VMR,Maple Ridge,VMRWC,West Central,West Central,
REBGV,VMR,Maple Ridge,VMRWH,Whonnock,Whonnock,
REBGV,VNV,North Vancouver,VNVBD,Boulevard,Boulevard,
REBGV,VNV,North Vancouver,VNVBL,Blueridge NV,Blueridge,
REBGV,VNV,North Vancouver,VNVBR,Braemar,Braemar,
REBGV,VNV,North Vancouver,VNVCA,Capilano NV,Capilano,
REBGV,VNV,North Vancouver,VNVCL,Central Lonsdale,Central Lonsdale,
REBGV,VNV,North Vancouver,VNVCV,Calverhall,Calverhall,
REBGV,VNV,North Vancouver,VNVCY,Canyon Heights NV,Canyon Heights,
REBGV,VNV,North Vancouver,VNVDC,Deep Cove,Deep Cove,
REBGV,VNV,North Vancouver,VNVDE,Delbrook,Delbrook,
REBGV,VNV,North Vancouver,VNVDO,Dollarton,Dollarton,
REBGV,VNV,North Vancouver,VNVED,Edgemont,Edgemont,
REBGV,VNV,North Vancouver,VNVFH,Forest Hills NV,Forest Hills,
REBGV,VNV,North Vancouver,VNVGW,Grouse Woods,Grouse Woods,
REBGV,VNV,North Vancouver,VNVHH,Hamilton Heights,Hamilton Heights,
REBGV,VNV,North Vancouver,VNVHM,Hamilton,Hamilton,
REBGV,VNV,North Vancouver,VNVIA,Indian Arm,Indian Arm,
REBGV,VNV,North Vancouver,VNVIR,Indian River,Indian River,
REBGV,VNV,North Vancouver,VNVLL,Lower Lonsdale,Lower Lonsdale,
REBGV,VNV,North Vancouver,VNVLV,Lynn Valley,Lynn Valley,
REBGV,VNV,North Vancouver,VNVLY,Lynnmour,Lynnmour,
REBGV,VNV,North Vancouver,VNVNG,Norgate,Norgate,
REBGV,VNV,North Vancouver,VNVNL,Northlands,Northlands,
REBGV,VNV,North Vancouver,VNVPH,Pemberton Heights,Pemberton Heights,
REBGV,VNV,North Vancouver,VNVPN,Pemberton NV,Pemberton,
REBGV,VNV,North Vancouver,VNVPP,Princess Park,Princess Park,
REBGV,VNV,North Vancouver,VNVQU,Queensbury,Queensbury,
REBGV,VNV,North Vancouver,VNVRP,Roche Point,Roche Point,
REBGV,VNV,North Vancouver,VNVSY,Seymour,Seymour,
REBGV,VNV,North Vancouver,VNVTE,Tempe,Tempe,
REBGV,VNV,North Vancouver,VNVUD,Upper Delbrook,Upper Delbrook,
REBGV,VNV,North Vancouver,VNVUL,Upper Lonsdale,Upper Lonsdale,
REBGV,VNV,North Vancouver,VNVWL,Westlynn,Westlynn,
REBGV,VNV,North Vancouver,VNVWP,Windsor Park NV,Windsor Park,
REBGV,VNV,North Vancouver,VNVWS,Woodlands-Sunshine-Cascade,Woodlands-Sunshine-Cascade,
REBGV,VNV,North Vancouver,VNVWT,Westlynn Terrace,Westlynn Terrace,
REBGV,VNW,VNW,New Westminster,Brunette,Brunette,
REBGV,VNW,VNW,New Westminster,Connaught Heights,Connaught Heights,
REBGV,VNW,VNW,New Westminster,Downtown NW,Downtown,
REBGV,VNW,VNW,New Westminster,Fraserview NW,Fraserview,
REBGV,VNW,VNW,New Westminster,GlenBrooke North,GlenBrooke North,
REBGV,VNW,VNW,New Westminster,Moody Park,Moody Park,
REBGV,VNW,VNW,New Westminster,North Arm,North Arm,
REBGV,VNW,VNW,New Westminster,Queensborough,Queensborough,
REBGV,VNW,VNW,New Westminster,Queens Park,Queens Park,
REBGV,VNW,VNW,New Westminster,Quay,Quay,
REBGV,VNW,VNW,New Westminster,Sapperton,Sapperton,
REBGV,VNW,VNW,New Westminster,The Heights NW,The Heights,
REBGV,VNW,VNW,New Westminster,Uptown NW,Uptown,
REBGV,VNW,VNW,New Westminster,West End NW,West End,
REBGV,VPE,VPE,Pemberton,Birken,Birken,
REBGV,VPE,VPE,Pemberton,Devine,Devine,
REBGV,VPE,VPE,Pemberton,D'Arcy,D'Arcy,
REBGV,VPE,VPE,Pemberton,Ivey Lake Estates,Ivey Lake Estates,
REBGV,VPE,VPE,Pemberton,Lillooet Lake,Lillooet Lake,
REBGV,VPE,VPE,Pemberton,Mount Currie,Mount Currie,
REBGV,VPE,VPE,Pemberton,Owl Ridge,Owl Ridge,
REBGV,VPE,VPE,Pemberton,Poole Creek,Poole Creek,
REBGV,VPE,VPE,Pemberton,Pemberton,Pemberton,
REBGV,VPE,VPE,Pemberton,Pemberton Meadows,Pemberton Meadows,
REBGV,VPE,VPE,Pemberton,Walkerville Estates,Walkerville Estates,
REBGV,VPI,VPI,Pitt Meadows,Central Meadows,Central Meadows,
REBGV,VPI,VPI,Pitt Meadows,Mid Meadows,Mid Meadows,
REBGV,VPI,VPI,Pitt Meadows,North Meadows,North Meadows,
REBGV,VPI,VPI,Pitt Meadows,South Meadows,South Meadows,
REBGV,VPI,VPI,Pitt Meadows,West Meadows,West Meadows,
REBGV,VPM,VPM,Port Moody,Anmore,Anmore,
REBGV,VPM,VPM,Port Moody,Belcarra,Belcarra,
REBGV,VPM,VPM,Port Moody,Barber Street,Barber Street,
REBGV,VPM,VPM,Port Moody,College Park PM,College Park,
REBGV,VPM,VPM,Port Moody,Glenayre,Glenayre,
REBGV,VPM,VPM,Port Moody,Heritage Mountain,Heritage Mountain,
REBGV,VPM,VPM,Port Moody,Heritage Woods PM,Heritage Woods,
REBGV,VPM,VPM,Port Moody,Ioco,Ioco,
REBGV,VPM,VPM,Port Moody,Mountain Meadows,Mountain Meadows,
REBGV,VPM,VPM,Port Moody,North Shore Pt Moody,North Shore Pt Moody,
REBGV,VPM,VPM,Port Moody,Port Moody Centre,Port Moody Centre,
REBGV,VPM,VPM,Port Moody,Westwood Summit PM,Westwood Summit,
REBGV,VPQ,VPQ,Port Coquitlam,Birchland Manor,Birchland Manor,
REBGV,VPQ,VPQ,Port Coquitlam,Central Pt Coquitlam,Central Pt Coquitlam,
REBGV,VPQ,VPQ,Port Coquitlam,Citadel PQ,Citadel,
REBGV,VPQ,VPQ,Port Coquitlam,Glenwood PQ,Glenwood,
REBGV,VPQ,VPQ,Port Coquitlam,Lower Mary Hill,Lower Mary Hill,
REBGV,VPQ,VPQ,Port Coquitlam,Lincoln Park PQ,Lincoln Park,
REBGV,VPQ,VPQ,Port Coquitlam,Mary Hill,Mary Hill,
REBGV,VPQ,VPQ,Port Coquitlam,Oxford Heights,Oxford Heights,
REBGV,VPQ,VPQ,Port Coquitlam,Riverwood,Riverwood,
REBGV,VPQ,VPQ,Port Coquitlam,Woodland Acres PQ,Woodland Acres,
REBGV,VRI,Richmond,VRI10,Sea Island,Sea Island,
REBGV,VRI,Richmond,VRI11,Bridgeport RI,Bridgeport,
REBGV,VRI,Richmond,VRI12,West Cambie,West Cambie,
REBGV,VRI,Richmond,VRI13,East Cambie,East Cambie,
REBGV,VRI,Richmond,VRI20,Terra Nova,Terra Nova,
REBGV,VRI,Richmond,VRI21,Riverdale RI,Riverdale,
REBGV,VRI,Richmond,VRI22,Quilchena RI,Quilchena,
REBGV,VRI,Richmond,VRI23,Granville,Granville,
REBGV,VRI,Richmond,VRI30,Seafair,Seafair,
REBGV,VRI,Richmond,VRI31,Boyd Park,Boyd Park,
REBGV,VRI,Richmond,VRI32,Lackner,Lackner,
REBGV,VRI,Richmond,VRI40,Steveston Village,Steveston Village,
REBGV,VRI,Richmond,VRI41,Steveston North,Steveston North,
REBGV,VRI,Richmond,VRI42,Steveston South,Steveston South,
REBGV,VRI,Richmond,VRI43,Westwind,Westwind,
REBGV,VRI,Richmond,VRI50,Woodwards,Woodwards,
REBGV,VRI,Richmond,VRI51,Broadmoor,Broadmoor,
REBGV,VRI,Richmond,VRI52,Garden City,Garden City,
REBGV,VRI,Richmond,VRI53,Saunders,Saunders,
REBGV,VRI,Richmond,VRI54,South Arm,South Arm,
REBGV,VRI,Richmond,VRI60,Brighouse,Brighouse,
REBGV,VRI,Richmond,VRI61,Brighouse South,Brighouse South,
REBGV,VRI,Richmond,VRI62,McLennan North,McLennan North,
REBGV,VRI,Richmond,VRI70,Gilmore,Gilmore,
REBGV,VRI,Richmond,VRI71,McLennan,McLennan,
REBGV,VRI,Richmond,VRI72,East Richmond,East Richmond,
REBGV,VRI,Richmond,VRI80,McNair,McNair,
REBGV,VRI,Richmond,VRI81,Ironwood,Ironwood,
REBGV,VRI,Richmond,VRI90,Hamilton RI,Hamilton,
REBGV,VSC,Sunshine Coast,VSCGB,Gibsons & Area,Gibsons & Area,
REBGV,VSC,Sunshine Coast,VSCGM,Gambier Island,Gambier Island,
REBGV,VSC,Sunshine Coast,VSCHB,Halfmn Bay Secret Cv Redroofs,Halfmn Bay Secret Cv Redroofs,
REBGV,VSC,Sunshine Coast,VSCKE,Keats Island,Keats Island,
REBGV,VSC,Sunshine Coast,VSCMP,Middlepoint,Middlepoint,
REBGV,VSC,Sunshine Coast,VSCNE,Nelson Island,Nelson Island,
REBGV,VSC,Sunshine Coast,VSCPE,Pender Harbour Egmont,Pender Harbour Egmont,
REBGV,VSC,Sunshine Coast,VSCRC,Roberts Creek,Roberts Creek,
REBGV,VSC,Sunshine Coast,VSCSD,Sechelt District,Sechelt District,
REBGV,VSQ,Squamish,VSQBB,Britannia Beach,Britannia Beach,
REBGV,VSQ,Squamish,VSQBC,Brennan Center,Brennan Center,
REBGV,VSQ,Squamish,VSQBP,Business Park,Business Park,
REBGV,VSQ,Squamish,VSQBR,Brackendale,Brackendale,
REBGV,VSQ,Squamish,VSQDT,Downtown SQ,Downtown,
REBGV,VSQ,Squamish,VSQDV,Dentville,Dentville,
REBGV,VSQ,Squamish,VSQGE,Garibaldi Estates,Garibaldi Estates,
REBGV,VSQ,Squamish,VSQGH,Garibaldi Highlands,Garibaldi Highlands,
REBGV,VSQ,Squamish,VSQHH,Hospital Hill,Hospital Hill,
REBGV,VSQ,Squamish,VSQNY,Northyards,Northyards,
REBGV,VSQ,Squamish,VSQPL,Plateau,Plateau,
REBGV,VSQ,Squamish,VSQPV,Paradise Valley,Paradise Valley,
REBGV,VSQ,Squamish,VSQRC,Ring Creek,Ring Creek,
REBGV,VSQ,Squamish,VSQSR,Squamish Rural,Squamish Rural,
REBGV,VSQ,Squamish,VSQTA,Tantalus,Tantalus,
REBGV,VSQ,Squamish,VSQUH,University Highlands,University Highlands,
REBGV,VSQ,Squamish,VSQUS,Upper Squamish,Upper Squamish,
REBGV,VSQ,Squamish,VSQVC,Valleycliffe,Valleycliffe,
REBGV,VTW,Tsawwassen,VTWBB,Boundary Beach,Boundary Beach,
REBGV,VTW,Tsawwassen,VTWBG,Beach Grove,Beach Grove,
REBGV,VTW,Tsawwassen,VTWCD,Cliff Drive,Cliff Drive,
REBGV,VTW,Tsawwassen,VTWCT,Tsawwassen Central,Tsawwassen Central,
REBGV,VTW,Tsawwassen,VTWEB,English Bluff,English Bluff,
REBGV,VTW,Tsawwassen,VTWPH,Pebble Hill,Pebble Hill,
REBGV,VTW,Tsawwassen,VTWTE,Tsawwassen East,Tsawwassen East,
REBGV,VVE,Vancouver East,VVECH,Champlain Heights,Champlain Heights,
REBGV,VVE,Vancouver East,VVECO,Collingwood VE,Collingwood,
REBGV,VVE,Vancouver East,VVEDT,Downtown VE,Downtown,
REBGV,VVE,Vancouver East,VVEFR,Fraser VE,Fraser,
REBGV,VVE,Vancouver East,VVEFV,Fraserview VE,Fraserview,
REBGV,VVE,Vancouver East,VVEGR,Grandview VE,Grandview,
REBGV,VVE,Vancouver East,VVEHA,Hastings,Hastings,
REBGV,VVE,Vancouver East,VVEHE,Hastings East,Hastings East,
REBGV,VVE,Vancouver East,VVEKL,Killarney VE,Killarney,
REBGV,VVE,Vancouver East,VVEKN,Knight,Knight,
REBGV,VVE,Vancouver East,VVEMN,Main,Main,
REBGV,VVE,Vancouver East,VVEMP,Mount Pleasant VE,Mount Pleasant,
REBGV,VVE,Vancouver East,VVERE,Renfrew VE,Renfrew,
REBGV,VVE,Vancouver East,VVERH,Renfrew Heights,Renfrew Heights,
REBGV,VVE,Vancouver East,VVESV,South Vancouver,South Vancouver,
REBGV,VVE,Vancouver East,VVEVI,Victoria VE,Victoria,
REBGV,VVW,Vancouver West,VVWAR,Arbutus,Arbutus,
REBGV,VVW,Vancouver West,VVWCA,Cambie,Cambie,
REBGV,VVW,Vancouver West,VVWCB,Coal Harbour,Coal Harbour,
REBGV,VVW,Vancouver West,VVWDT,Downtown VW,Downtown,
REBGV,VVW,Vancouver West,VVWDU,Dunbar,Dunbar,
REBGV,VVW,Vancouver West,VVWFA,Fairview VW,Fairview,
REBGV,VVW,Vancouver West,VVWFC,False Creek,False Creek,
REBGV,VVW,Vancouver West,VVWKE,Kerrisdale,Kerrisdale,
REBGV,VVW,Vancouver West,VVWKT,Kitsilano,Kitsilano,
REBGV,VVW,Vancouver West,VVWMH,MacKenzie Heights,MacKenzie Heights,
REBGV,VVW,Vancouver West,VVWMP,Mount Pleasant VW,Mount Pleasant,
REBGV,VVW,Vancouver West,VVWMR,Marpole,Marpole,
REBGV,VVW,Vancouver West,VVWOA,Oakridge VW,Oakridge,
REBGV,VVW,Vancouver West,VVWPG,Point Grey,Point Grey,
REBGV,VVW,Vancouver West,VVWQU,Quilchena,Quilchena,
REBGV,VVW,Vancouver West,VVWSC,South Cambie,South Cambie,
REBGV,VVW,Vancouver West,VVWSG,South Granville,South Granville,
REBGV,VVW,Vancouver West,VVWSH,Shaughnessy,Shaughnessy,
REBGV,VVW,Vancouver West,VVWSL,Southlands,Southlands,
REBGV,VVW,Vancouver West,VVWSW,S.W. Marine,S.W. Marine,
REBGV,VVW,Vancouver West,VVWUL,University VW,University,UBC
REBGV,VVW,Vancouver West,VVWWE,West End VW,West End,
REBGV,VVW,Vancouver West,VVWYA,Yaletown,Yaletown,
REBGV,VWH,Whistler,VWHAM,Alpine Meadows,Alpine Meadows,
REBGV,VWH,Whistler,VWHAV,Alta Vista,Alta Vista,
REBGV,VWH,Whistler,VWHBA,Bayshores,Bayshores,
REBGV,VWH,Whistler,VWHBE,Benchlands,Benchlands,
REBGV,VWH,Whistler,VWHBH,Blueberry Hill,Blueberry Hill,
REBGV,VWH,Whistler,VWHBR,Brio,Brio,
REBGV,VWH,Whistler,VWHBT,Black Tusk - Pinecrest,Black Tusk - Pinecrest,
REBGV,VWH,Whistler,VWHCA,Callaghan,Callaghan,
REBGV,VWH,Whistler,VWHCC,Cheakamus Crossing,Cheakamus Crossing,
REBGV,VWH,Whistler,VWHCE,Whistler Cay Estates,Whistler Cay Estates,
REBGV,VWH,Whistler,VWHCH,Whistler Cay Heights,Whistler Cay Heights,
REBGV,VWH,Whistler,VWHCR,Whistler Creek,Whistler Creek,
REBGV,VWH,Whistler,VWHEE,Emerald Estates,Emerald Estates,
REBGV,VWH,Whistler,VWHFJ,Function Junction,Function Junction,
REBGV,VWH,Whistler,VWHGL,Green Lake Estates,Green Lake Estates,
REBGV,VWH,Whistler,VWHNE,Nesters,Nesters,
REBGV,VWH,Whistler,VWHNO,Nordic,Nordic,
REBGV,VWH,Whistler,VWHRW,Rainbow,Rainbow,
REBGV,VWH,Whistler,VWHSC,Spring Creek,Spring Creek,
REBGV,VWH,Whistler,VWHSG,Spruce Grove,Spruce Grove,
REBGV,VWH,Whistler,VWHVI,Whistler Village,Whistler Village,
REBGV,VWH,Whistler,VWHWE,Westside,Westside,
REBGV,VWH,Whistler,VWHWG,White Gold,White Gold,
REBGV,VWH,Whistler,VWHWW,WedgeWoods,WedgeWoods,
REBGV,VWV,West Vancouver,VWVAL,Altamont,Altamont,
REBGV,VWV,West Vancouver,VWVAM,Ambleside,Ambleside,
REBGV,VWV,West Vancouver,VWVBP,British Properties,British Properties,BP
REBGV,VWV,West Vancouver,VWVBR,Bayridge,Bayridge,
REBGV,VWV,West Vancouver,VWVCA,Caulfeild,Caulfeild,
REBGV,VWV,West Vancouver,VWVCB,Canterbury WV,Canterbury,
REBGV,VWV,West Vancouver,VWVCD,Cedardale,Cedardale,
REBGV,VWV,West Vancouver,VWVCE,Cypress Park Estates,Cypress Park Estates,
REBGV,VWV,West Vancouver,VWVCP,Chelsea Park,Chelsea Park,
REBGV,VWV,West Vancouver,VWVCW,Chartwell,Chartwell,
REBGV,VWV,West Vancouver,VWVCY,Cypress,Cypress,
REBGV,VWV,West Vancouver,VWVDR,Deer Ridge WV,Deer Ridge,
REBGV,VWV,West Vancouver,VWVDU,Dundarave,Dundarave,
REBGV,VWV,West Vancouver,VWVEH,Eagle Harbour,Eagle Harbour,
REBGV,VWV,West Vancouver,VWVER,Eagleridge,Eagleridge,
REBGV,VWV,West Vancouver,VWVFC,Furry Creek,Furry Creek,
REBGV,VWV,West Vancouver,VWVGL,Gleneagles,Gleneagles,
REBGV,VWV,West Vancouver,VWVGM,Glenmore,Glenmore,
REBGV,VWV,West Vancouver,VWVHB,Horseshoe Bay WV,Horseshoe Bay,
REBGV,VWV,West Vancouver,VWVHS,Howe Sound,Howe Sound,
REBGV,VWV,West Vancouver,VWVLB,Lions Bay,Lions Bay,
REBGV,VWV,West Vancouver,VWVOC,Olde Caulfeild,Olde Caulfeild,
REBGV,VWV,West Vancouver,VWVPO,Porteau Cove,Porteau Cove,
REBGV,VWV,West Vancouver,VWVPR,Park Royal,Park Royal,
REBGV,VWV,West Vancouver,VWVPV,Panorama Village,Panorama Village,
REBGV,VWV,West Vancouver,VWVQU,Queens,Queens,
REBGV,VWV,West Vancouver,VWVRR,Rockridge,Rockridge,
REBGV,VWV,West Vancouver,VWVSC,Sandy Cove,Sandy Cove,
REBGV,VWV,West Vancouver,VWVSH,Sentinel Hill,Sentinel Hill,
REBGV,VWV,West Vancouver,VWVUC,Upper Caulfeild,Upper Caulfeild,
REBGV,VWV,West Vancouver,VWVWB,West Bay,West Bay,
REBGV,VWV,West Vancouver,VWVWC,Whytecliff,Whytecliff,
REBGV,VWV,West Vancouver,VWVWE,Whitby Estates,Whitby Estates,
REBGV,VWV,West Vancouver,VWVWH,Westhill,Westhill,
REBGV,VWV,West Vancouver,VWVWM,Westmount WV,Westmount,
,,,,,,
,,,,,,
,,,,,,
,,,,,,
,,,,,,
,,,,,,
Kootney,,,,,,
,K10,Cranbrook,K11,Cranbrook South,,
,K10,Cranbrook,K12,Cranbrook North,,
,K10,Cranbrook,K13,Northwest Cranbrook,,
,K20,Cranbrook Lakes,K21,Moyie Lake,,
,K20,Cranbrook Lakes,K22,Cranbrook Periphery,,
,K20,Cranbrook Lakes,K23,Ft. Steele to Wardner,,
,K20,Cranbrook Lakes,K24,South of Moyie,,
,K20,Cranbrook Lakes,K25,Wycliffe,,
,K30,Kimberley/Cranbrook Rural,K31,Wasa Rural,,
,K30,Kimberley/Cranbrook Rural,K32,Kimberley Rural,,
,K30,Kimberley/Cranbrook Rural,K33,Lakes/Wasa/Lazy/Premier,,
,K40,Kimberley,K41,Kimberley,,
,K40,Kimberley,K42,Alpine Resort Area,,
,K40,Kimberley,K43,Marysville,,
,K50,Creston,K51,Creston,,
,K60,Creston Rural,K61,Wynndel/Lakeview,,
,K60,Creston Rural,K62,Arrow Creek to Yahk,,
,K60,Creston Rural,K63,Crawford Bay / Riondel,,
,K60,Creston Rural,K64,Creston Flats,,
,K60,Creston Rural,K65,Erickson,,
,K60,Creston Rural,K66,East Shore,,
,K60,Creston Rural,K67,Lister,,
,K60,Creston Rural,K68,West Creston,,
,K70,Elkford,K71,Elkford,,
,K80,Sparwood,K81,Sparwood,,
,K90,Fernie,K91,Fernie,,
,K100,Fernie Rural,K101,West/East of Fernie,,
,K100,Fernie Rural,K102,Ski Hill Area,,
,K100,Fernie Rural,K103,North of Elkford,,
,K100,Fernie Rural,K104,Elk Valley Rural,,
,K100,Fernie Rural,K105,Jaffray and Vicinity,,
,K100,Fernie Rural,K106,Elko to Montana,,
,K100,Fernie Rural,K107,West Fernie,,
,K110,Golden,K111,Golden,,
,K120,Golden Rural,K121,East Highway 1,,
,K120,Golden Rural,K122,South Hwy 95,,
,K120,Golden Rural,K123,West & North Highway 1,,
,K130,Invermere,K131,Invermere,,
,K140,Invermere Rural,K141,Dry Gulch to Radium,,
,K140,Invermere Rural,K142,Edgewater North,,
,K140,Invermere Rural,K143,Fairmont/Columbia Lake,,
,K140,Invermere Rural,K144,Canal Flats South,,
,K140,Invermere Rural,K145,Panorama,,
,K140,Invermere Rural,K146,Windermere,,
,K140,Invermere Rural,K147,Invermere Rural,,
,K150,Radium,K151,Radium Hot Springs,,
,K160,Canal Flats,K161,Canal Flats,,
,K170,Castlegar,K171,North Castlegar,,
,K170,Castlegar,K172,South Castlegar,,
,K180,Castlegar Rural,K181,Fairview to Paulson,,
,K180,Castlegar Rural,K182,Thrums/Tarrys/Glade,,
,K180,Castlegar Rural,K183,Pass Creek Valley,,
,K180,Castlegar Rural,K184,Ootishcenia,,
,K180,Castlegar Rural,K185,Robson/Raspberry/Brilliant,,
,K180,Castlegar Rural,K186,Syringa/Lower Arrow Lake,,
,K190,Grand Forks,K191,Grand Forks,,
,K200,Grand Forks Rural,K201,Christina Lake,,
,K200,Grand Forks Rural,K202,Grand Forks Rural,,
,K220,Grand Forks Rural West,K221,Grand Forks Rural West,,
,K230,Greenwood,K231,Greenwood,,
,K240,Midway,K241,Midway,,
,K250,Nakusp,K251,Nakusp,,
,K260,Nakusp Rural,K261,New Denver Area,,
,K260,Nakusp Rural,K262,Nakusp Rural,,
,K260,Nakusp Rural,K263,West Arrow Park to Edgewood,,
,K270,New Denver,K271,Village of New Denver,,
,K280,Silverton,K281,Village of Silverton,,
,K290,Slocan,K291,Village of Slocan,,
,K300,Nelson,K301,Nelson,,
,K310,Nelson Rural,K311,Nelson South/Salmo Rural,,
,K310,Nelson Rural,K312,Harrop/Procter,,
,K310,Nelson Rural,K313,Kokanee Creek to Balfour,,
,K310,Nelson Rural,K314,North Nelson to Kokanee Creek,,
,K310,Nelson Rural,K315,Passmore/Winlaw/Slocan,,
,K310,Nelson Rural,K316,Nelson West/South Slocan,,
,K310,Nelson Rural,K317,South Slocan to Passmore,,
,K320,Kaslo,K321,Balfour to Kaslo West,,
,K320,Kaslo,K322,Kaslo North to Gerrard,,
,K320,Kaslo,K323,Kaslo,,
,K330,Rossland,K331,Rossland,,
,K340,Trail,K341,Trail,,
,K350,Trail Rural,K351,Rossland Rural,,
,K350,Trail Rural,K352,Trail Rural,,
,K350,Trail Rural,K353,Fruitvale Rural,,
,K350,Trail Rural,K354,Rivervale/Genelle,,
,K360,Warfield,K361,Village of Warfield,,
,K370,Montrose,K371,Village of Montrose,,
,K380,Fruitvale,K381,Village of Fruitvale,,
,K390,Salmo,K391,Village of Salmo,,
,,,,,,
,,,,,,
,,,,,,
,,,,,,
,,,,,,
,,,,,,
,,,,,,
,N10,100 Mile House (Zone 10),N1003,103 Mile House,,
,N10,100 Mile House (Zone 10),N1008,108 Ranch,,
,N10,100 Mile House (Zone 10),N1070,70 Mile House,,
,N10,100 Mile House (Zone 10),N10BS,Bridge Lake/Sheridan Lake,,
,N10,100 Mile House (Zone 10),N10CM,Canim/Mahood Lake,,
,N10,100 Mile House (Zone 10),N10DS,Deka/Sulphurous/Hathaway Lakes,,
,N10,100 Mile House (Zone 10),N10FG,Forest Grove,,
,N10,100 Mile House (Zone 10),N10HL,Horse Lake,,
,N10,100 Mile House (Zone 10),N10HM,100 Mile House - Town,,
,N10,100 Mile House (Zone 10),N10HR,100 Mile House - Rural,,
,N10,100 Mile House (Zone 10),N10HW,100 Mile House - West,,
,N10,100 Mile House (Zone 10),N10LB,Lone Butte/Green Lk/Watch Lk,,
,N10,100 Mile House (Zone 10),N10LL,Lac la Hache,,
,N27,Williams Lake (Zone 27),N2750,150 Mile House,,
,N27,Williams Lake (Zone 27),N27BH,Bella Coola/Hagensborg,,
,N27,Williams Lake (Zone 27),N27ED,Esler/Dog Creek,,
,N27,Williams Lake (Zone 27),N27HF,Horsefly,,
,N27,Williams Lake (Zone 27),N27LA,Lakeside Rural,,
,N27,Williams Lake (Zone 27),N27MC,McLeese Lake,,
,N27,Williams Lake (Zone 27),N27RE,Williams Lake - Rural East,,
,N27,Williams Lake (Zone 27),N27RN,Williams Lake - Rural North,,
,N27,Williams Lake (Zone 27),N27RS,Williams Lake - Rural South,,
,N27,Williams Lake (Zone 27),N27RW,Williams Lake - Rural West,,
,N27,Williams Lake (Zone 27),N27WL,Williams Lake - City,,
,N28,Quesnel (Zone 28),N28BL,Bouchie Lake,,
,N28,Quesnel (Zone 28),N28NE,Quesnel - Rural North,,
,N28,Quesnel (Zone 28),N28QS,Quesnel - South Hills,,
,N28,Quesnel (Zone 28),N28QU,Quesnel - Town,,
,N28,Quesnel (Zone 28),N28RD,Red Bluff/Dragon Lake,,
,N28,Quesnel (Zone 28),N28RS,Quesnel Rural - South,,
,N28,Quesnel (Zone 28),N28WE,Wells/Barkerville,,
,N28,Quesnel (Zone 28),N28WQ,Quesnel - Rural West,,
,N52,Prince Rupert (Zone 52),N52PR,Prince Rupert - City,,
,N52,Prince Rupert (Zone 52),N52PT,Port Edward,,
,N52,Prince Rupert (Zone 52),N52QC,Queen Charlotte - Rural,,
,N52,Prince Rupert (Zone 52),N52QM,Masset,,
,N52,Prince Rupert (Zone 52),N52QP,Port Clements,,
,N52,Prince Rupert (Zone 52),N52RR,Prince Rupert - Rural,,
,N53,Houston (Zone 53),N53HO,Houston - Town,,
,N53,Houston (Zone 53),N53RU,Houston - Rural,,
,N54,Smithers And Area (Zone 54),N54HA,Hazelton,,
,N54,Smithers And Area (Zone 54),N54HT,Telkwa,,
,N54,Smithers And Area (Zone 54),N54KI,Kitwanga,,
,N54,Smithers And Area (Zone 54),N54RU,Smithers - Rural,,
,N54,Smithers And Area (Zone 54),N54SM,Smithers - Town,,
,N55,Burns Lake (Zone 55),N55BE,Burns Lake - Rural East,,
,N55,Burns Lake (Zone 55),N55BL,Burns Lake - Town,,
,N55,Burns Lake (Zone 55),N55BN,Burns Lake - Rural North,,
,N55,Burns Lake (Zone 55),N55BS,Burns Lake - Rural South,,
,N55,Burns Lake (Zone 55),N55BW,Burns Lake - Rural West,,
,N55,Burns Lake (Zone 55),N55FR,South Francois,,
,N55,Burns Lake (Zone 55),N55GR,Granisle,,
,N55,Burns Lake (Zone 55),N55TO,Topley,,
,N56,Vanderhoof And Area (Zone 56),N56FL,Fraser Lake,,
,N56,Vanderhoof And Area (Zone 56),N56FR,Fort Fraser,,
,N56,Vanderhoof And Area (Zone 56),N56RU,Vanderhoof - Rural,,
,N56,Vanderhoof And Area (Zone 56),N56VA,Vanderhoof - Town,,
,N57,Fort St. James (Zone 57),N57RU,Fort St. James - Rural,,
,N57,Fort St. James (Zone 57),N57SJ,Fort St. James - Town,,
,N60,Fort St. John (Zone 60),N60HU,Hudsons Hope,,
,N60,Fort St. John (Zone 60),N60LA,Lakeshore,,
,N60,Fort St. John (Zone 60),N60NE,Fort St. John - City NE,,
,N60,Fort St. John (Zone 60),N60NW,Fort St. John - City NW,,
,N60,Fort St. John (Zone 60),N60RE,Fort St. John - Rural E 100th,,
,N60,Fort St. John (Zone 60),N60RW,Fort St. John - Rural W 100th,,
,N60,Fort St. John (Zone 60),N60SE,Fort St. John - City SE,,
,N60,Fort St. John (Zone 60),N60SP,Fort St. John - South Peace,,
,N60,Fort St. John (Zone 60),N60SW,Fort St. John - City SW,,
,N60,Fort St. John (Zone 60),N60TA,Taylor,,
,N64,Fort Nelson (Zone 64),N64FN,Fort Nelson -Town,,
,N64,Fort Nelson (Zone 64),N64RM,Fort Nelson - Remote,,
,N64,Fort Nelson (Zone 64),N64RU,Fort Nelson - Rural,,
,N69,Mackenzie (Zone 69),N69MK,Mackenzie -Town,,
,N69,Mackenzie (Zone 69),N69ML,McLeod Lake,,
,N69,Mackenzie (Zone 69),N69RU,Mackenzie - Rural,,
,N71,PG City West (Zone 71),N71CA,Carter Light,,
,N71,PG City West (Zone 71),N71CB,Cranbrook Hill,,
,N71,PG City West (Zone 71),N71FO,Foothills,,
,N71,PG City West (Zone 71),N71FR,Fraserview,,
,N71,PG City West (Zone 71),N71HE,Heritage,,
,N71,PG City West (Zone 71),N71HG,Highglen,,
,N71,PG City West (Zone 71),N71HL,Highland Park,,
,N71,PG City West (Zone 71),N71LA,Lakewood,,
,N71,PG City West (Zone 71),N71PC,Pinecone,,
,N71,PG City West (Zone 71),N71PE,Perry,,
,N71,PG City West (Zone 71),N71PH,Peden Hill,,
,N71,PG City West (Zone 71),N71PW,Pinewood,,
,N71,PG City West (Zone 71),N71QU,Quinson,,
,N71,PG City West (Zone 71),N71SL,Spruceland,,
,N71,PG City West (Zone 71),N71WW,Westwood,,
,N72,PG City Central (Zone 72),N72AS,Assman,,
,N72,PG City Central (Zone 72),N72CE,Central,,
,N72,PG City Central (Zone 72),N72CO,Connaught,,
,N72,PG City Central (Zone 72),N72CR,Crescents,,
,N72,PG City Central (Zone 72),N72DT,Downtown,,
,N72,PG City Central (Zone 72),N72EE,East End,,
,N72,PG City Central (Zone 72),N72MD,Millar Addition,,
,N72,PG City Central (Zone 72),N72NV,Nechako View,,
,N72,PG City Central (Zone 72),N72SE,Seymour,,
,N72,PG City Central (Zone 72),N72SF,South Fort George,,
,N72,PG City Central (Zone 72),N72VB,Van Bow,,
,N72,PG City Central (Zone 72),N72VL,VLA,,
,N73,PG City North (Zone 73),N73AB,Aberdeen PG,,
,N73,PG City North (Zone 73),N73BW,Birchwood,,
,N73,PG City North (Zone 73),N73EM,Emerald,,
,N73,PG City North (Zone 73),N73ET,Edgewood Terrace,,
,N73,PG City North (Zone 73),N73HH,Hart Highlands,,
,N73,PG City North (Zone 73),N73HV,Harper Valley,,
,N73,PG City North (Zone 73),N73HW,Hart Highway,,
,N73,PG City North (Zone 73),N73IN,Ingala,,
,N73,PG City North (Zone 73),N73MA,Mount Alder,,
,N73,PG City North (Zone 73),N73NC,Nechako Bench,,
,N73,PG City North (Zone 73),N73NK,North Kelly,,
,N73,PG City North (Zone 73),N73NM,North Meadows,,
,N73,PG City North (Zone 73),N73NR,Nechako Ridge,,
,N73,PG City North (Zone 73),N73OS,Old Summit Lake Road,,
,N73,PG City North (Zone 73),N73VV,Valleyview,,
,N73,PG City North (Zone 73),N73WA,West Austin,,
,N74,PG City South (Zone 74),N74CS,Charella/Starlane,,
,N74,PG City South (Zone 74),N74GA,Gauthier,,
,N74,PG City South (Zone 74),N74HA,Haldi,,
,N74,PG City South (Zone 74),N74JE,Jensen,,
,N74,PG City South (Zone 74),N74LC,Lower College,,
,N74,PG City South (Zone 74),N74LF,Lafreniere,,
,N74,PG City South (Zone 74),N74PA,Parkridge,,
,N74,PG City South (Zone 74),N74ST,St. Lawrence Heights,,
,N74,PG City South (Zone 74),N74UC,Upper College,,
,N74,PG City South (Zone 74),N74WA,Western Acres,,
,N75,PG City South East (Zone 75),N75AP,Airport,,
,N75,PG City South East (Zone 75),N75BC,BCR Industrial,,
,N75,PG City South East (Zone 75),N75DA,Danson,,
,N75,PG City South East (Zone 75),N75NB,North Blackburn,,
,N75,PG City South East (Zone 75),N75SB,South Blackburn,,
,N75,PG City South East (Zone 75),N75SN,Sintich,,
,N76,PG Rural North (Zone 76),N76BL,Bear Lake,,
,N76,PG Rural North (Zone 76),N76CH,Chief Lake Road,,
,N76,PG Rural North (Zone 76),N76HR,Hobby Ranches,,
,N76,PG Rural North (Zone 76),N76NE,Ness Lake,,
,N76,PG Rural North (Zone 76),N76NU,Nukko Lake,,
,N76,PG Rural North (Zone 76),N76RE,Reid Lake,,
,N76,PG Rural North (Zone 76),N76SU,Summit Lake,,
,N76,PG Rural North (Zone 76),N76SV,Salmon Valley,,
,N77,PG Rural West (Zone 77),N77BD,Bednesti,,
,N77,PG Rural West (Zone 77),N77BK,Blackwater,,
,N77,PG Rural West (Zone 77),N77BV,Beaverley,,
,N77,PG Rural West (Zone 77),N77CL,Cluculz Lake,,
,N77,PG Rural West (Zone 77),N77IP,Isle Pierre,,
,N77,PG Rural West (Zone 77),N77LM,Lower Mud,,
,N77,PG Rural West (Zone 77),N77MI,Miworth,,
,N77,PG Rural West (Zone 77),N77UM,Upper Mud,,
,N78,PG Rural South (Zone 78),N78BH,Buckhorn,,
,N78,PG Rural South (Zone 78),N78HI,Hixon,,
,N78,PG Rural South (Zone 78),N78PV,Pineview,,
,N78,PG Rural South (Zone 78),N78RR,Red Rock/Stoner,,
,N80,PG Rural East (Zone 80),N80GI,Giscome/Ferndale,,
,N80,PG Rural East (Zone 80),N80HD,Hansard,,
,N80,PG Rural East (Zone 80),N80PU,Purden,,
,N80,PG Rural East (Zone 80),N80SH,Shelley,,
,N80,PG Rural East (Zone 80),N80TL,Tabor Lake,,
,N80,PG Rural East (Zone 80),N80UF,Upper Fraser,,
,N80,PG Rural East (Zone 80),N80WI,Willow River,,
,N81,Robson Valley (Zone 81),N81DC,Dome Creek,,
,N81,Robson Valley (Zone 81),N81MB,McBride - Town,,
,N81,Robson Valley (Zone 81),N81MW,McBride - Rural West,,
,N81,Robson Valley (Zone 81),N81VM,Valemount - Town,,
,N81,Robson Valley (Zone 81),N81VS,Valemount - Rural South,,
,N81,Robson Valley (Zone 81),N81VW,Valemount - Rural West,,
,N88,Terrace (Zone 88),N88LL,Lakelse Lake,,
,N88,Terrace (Zone 88),N88NW,Terrace - Northwest/Rosswood,,
,N88,Terrace (Zone 88),N88RE,Terrace - Rural East/Cedarvale,,
,N88,Terrace (Zone 88),N88SC,Stewart/Cassiar,,
,N88,Terrace (Zone 88),N88SW,Terrace - Rural Southwest,,
,N88,Terrace (Zone 88),N88TE,Terrace - City,,
,N88,Terrace (Zone 88),N88TH,Thornhill,,
,N89,Kitimat (Zone 89),N89KI,Kitimat,,
,,,,,,
,,,,,,
,,,,,,
,,,,,,
,,,,,,
Chilliwak,,,,,,
,H10,Agassiz,H9N,Agassiz,,
,H40,Hope,H9W,Boston Bar - Lytton,,
,H30,Harrison Mills / Mt Woodside,H9Y,Mt Woodside,,
,H90,Chilliwack,H92,Chilliwack E Young-Yale,,
,H90,Chilliwack,H96,Chilliwack Mountain,,
,H90,Chilliwack,H93,Chilliwack N Yale-Well,,
,H70,Sardis,H9M,Chilliwack River Valley,,
,H90,Chilliwack,H91,Chilliwack W Young-Well,,
,H90,Chilliwack,H94,Chilliwack Yale Rd West,,
,H60,Cultus Lake,H9L,Columbia Valley,,
,H60,Cultus Lake,H9K,Cultus Lake,,
,H90,Chilliwack,H98,East Chilliwack,,
,H90,Chilliwack,H99,Eastern Hillsides,,
,H90,Chilliwack,H97,Fairfield Island,,
,H70,Sardis,H9J,Greendale Chilliwack,,
,H20,Harrison Hot Springs,H9Q,Harrison Hot Springs,,
,H30,Harrison Mills / Mt Woodside,H9P,Harrison Mills,,
,H40,Hope,H9R,Hope Center,,
,H40,Hope,H9T,Hope Kawkawa Lake,,
,H40,Hope,H9S,Hope Laidlaw,,
,H40,Hope,H9U,Hope Silver Creek,,
,H40,Hope,H9V,Hope Sunshine Valley,,
,H60,Cultus Lake,H9Z,Lindell Beach,,
,H90,Chilliwack,H95,Little Mountain,,
,H80,Yarrow,H9I,Majuba Hill,,
,H70,Sardis,H9F,Promontory,,
,H50,Rosedale,H9A,Rosedale Center,,
,H50,Rosedale,H9B,Rosedale Popkum,,
,H70,Sardis,H9G,Ryder Lake,,
,H70,Sardis,H9D,Sardis East Vedder Rd,,
,H70,Sardis,H9C,Sardis West Vedder Rd,,
,H70,Sardis,H9E,Vedder S Watson-Promontory,,
,H40,Hope,H9X,Yale,,
,H80,Yarrow,H9H,Yarrow,,
